    {
    
    "作者":"荷城茶秀",
    
    "站名":"超前B站",
    
    "主页url":"https://bzhanyy.com/",
    
    "简介":"请勿相信影片中的广告，以免上当受骗。+<div class=\"summary detailsTxt\"*>&&<div",
    
    "导演":"暂无",
    
    "主演":"演员：&&</p>",
    
    "影片状态":"状态：&&</p>",
    
    "影片类型":"scroll-content\">-->&&<!--</div>-->[替换:-->>空]",
    
    "数组":"_top\"&&</a>",
    
    "标题":"title=*>&&</div>",
    
    "副标题":"movie-rating cor4\">&&</div>",
    
    "搜索模式":"1",
    
    "搜索url":"/index.php/vod/search.html?wd={wd}",
    
    "搜索数组":"_top\"&&/div></div><div",
    
    "搜索标题":"title=*>&&</div>",
    
    "搜索图片":"data-original=\"&&\"",
    
    "搜索副标题":"movie-rating cor4\">&&<",
    
    "线路数组":"titleName cr3&&/a>",
    
    "线路标题":"🌸+>&&<",
     //"线路标题":"🌸+>&&<[替换:(>>共#)>>集][不包含:蓝光]",    
    "分类url":"https://bzhanyy.com/index.php/vod/show/area/{area}/by/{by}/id/{cateId}/page/{catePg}/year/{year}.html;;ak",
    
    "分类":"电影$1#电视剧$2#综艺$3#动漫$4"}