{
    "spider": "./fty.jar",
    "wallpaper": "http://www.饭太硬.top/深色壁纸/api.php",
  "sites": [
  {
      "key": "csp_圣城",
      "name": "┃圣城┃影视",
      "type": 3,
      "api": "csp_XBPQ",
      "searchable": 1,
      "quickSearch": 1,
      "filterable": 1,
      "jar": "./HCCX.jar;md5;fc692ca5f9fa2dfa443f96c37edaa81a",
      "ext": "./XBPQ/圣城影视.json"
    },
    {
      "key": "cc_蛋蛋",
      "name": "🥚┃蛋蛋┃看剧",
      "type": 3,
      "api": "csp_XBPQ",
      "searchable": 1,
      "quickSearch": 1,
      "filterable": 1,
      "jar": "./c.jar;md5;bb155c3f0133bbce4756ad52003f5968",
      "ext": "./XBPQ/蛋蛋剧.json"
    },
    {
      "key": "dr_腾云驾雾",
      "name": "☁┃腾云┃驾雾",
      "type": 3,
      "api": "./js/drpy2.min.js",
      "ext": "./js/腾云驾雾.js"
    },
    {
      "key": "csp_Ikanbot",
      "name": "💋爱看Bot",
      "type": 3,
      "api": "csp_Ikanbot",
      "searchable": 1,
      "quickSearch": 1,
      "filterable": 1,
      "ext": "[排序:lz线路,kuaik]",
      "jar": "./XYQH.jar;md5;a21ea6f5dd3b5f922b3a7f54d3bd0f16"
    },
    {
      "key": "csp_蘑菇",
      "name": "🍄┃蘑菇┃影视",
      "type": 3,
      "api": "csp_XBPQ",
      "searchable": 1,
      "quickSearch": 1,
      "filterable": 1,
      "jar": "./HCCX.jar;md5;fc692ca5f9fa2dfa443f96c37edaa81a",
      "ext": "./XBPQ/蘑菇.json"
    },
    {
      "key": "csp_胖虎",
      "name": "🐯┃胖虎┃影视",
      "type": 3,
      "api": "csp_XBPQ",
      "searchable": 1,
      "quickSearch": 1,
      "filterable": 1,
      "jar": "./HCCX.jar;md5;fc692ca5f9fa2dfa443f96c37edaa81a",
      "ext": "./XBPQ/胖虎.json"
    },
    {
      "key": "csp_超前",
      "name": "┃超前┃点播",
      "type": 3,
      "api": "csp_XBPQ",
      "searchable": 1,
      "quickSearch": 1,
      "filterable": 1,
      "jar": "./HCCX.jar;md5;fc692ca5f9fa2dfa443f96c37edaa81a",
      "ext": "./XBPQ/超前B站.json"
    },
  {
      "key": "csp_兔年",
      "name": "┃┃YYDS┃影视",
      "type": 3,
      "api": "csp_XBPQ",
      "searchable": 1,
      "quickSearch": 1,
      "filterable": 1,
      "jar": "./HCCX.jar;md5;fc692ca5f9fa2dfa443f96c37edaa81a",
      "ext": "./XBPQ/YYDS影视.json"
    },
  {
      "key": "csp_七新",
      "name": "┃七新┃影视",
      "type": 3,
      "api": "csp_XBPQ",
      "searchable": 1,
      "quickSearch": 1,
      "filterable": 1,
      "jar": "./HCCX.jar;md5;fc692ca5f9fa2dfa443f96c37edaa81a",
      "ext": "./XBPQ/七新影视.json"
    },
  {
      "key": "49zy",
      "name": "🦁┃四九┃资源",
      "type": 1,
      "api": "https://49zy1.com/api.php/provide/vod/?ac=list",
      "searchable": 1,
      "quickSearch": 1,
      "filterable": 1,
      "categories": [
        "国产剧",
        "纪录片",
        "欧美剧",
        "香港剧",
        "动作片",
        "爱情片",
        "科幻片",
        "恐怖片",
        "剧情片",
        "战争片",
        "喜剧片",
        "动画片",
        "犯罪片",
        "韩国剧",
        "动漫",
        "电影",
        "大陆综艺",
        "港台综艺",
        "日韩综艺",
        "欧美综艺",
        "台湾剧",
        "国产动漫",
        "日本动漫",
        "欧美动漫",
        "泰国剧",
        "日剧",
        "电影解说",
        "奇幻片",
        "灾难片",
        "悬疑片",
        "其他片",
        "体育赛事",
        "海外剧"
      ]
    },
  {
      "key": "haiwaikan",
      "name": "👌🏻海外看┃直连",
      "type": 1,
      "api": "https://haiwaikan.com/api.php/provide/vod",
      "searchable": 1,
      "changeable": 1,
      "timeout": 10,
      "categories": [
        "日本动漫",
        "国产动漫",
        "欧美动漫",
        "国产剧",
        "韩剧",
        "日剧",
        "台剧",
        "泰剧",
        "港剧",
        "欧美剧",
        "动画电影",
        "韩国综艺",
        "国产综艺",
        "日本综艺",
        "欧美综艺",
        "冒险片",
        "剧情片",
        "动作片",
        "同性片",
        "喜剧片",
        "奇幻片",
        "恐怖片",
        "悬疑片",
        "惊悚片",
        "战争片",
        "歌舞片",
        "灾难片",
        "爱情片",
        "犯罪片",
        "科幻片",
        "纪录片",
        "经典片"
      ]
    },
  {      "key": "xml_火狐",      "name": "⛵️火糊",      "type": 1,      "style": {        "type": "rect",        "ratio": 0.8      },      "api": "https://hhzyapi.com/api.php/provide/vod/?ac=list",      "searchable": 1,      "quickSearch": 0,      "filterable": 1,      "categories": [        "动作片",        "喜剧片",        "爱情片",        "科幻片",        "恐怖片",        "剧情片",        "战争片",        "悬疑片",        "犯罪片",        "奇幻片",        "记录片",        "动画片",        "伦理片",        "内地剧",        "香港剧",        "台湾剧",        "日剧",        "韩剧",        "欧美剧",        "马泰剧",        "大陆综艺",        "港台综艺",        "日韩综艺",        "欧美综艺",        "中国动漫",        "日本动漫",        "欧美动漫"      ]    },
  {
      "key": "百度资源",
      "name": "🚢百度",
      "type": 1,
      "api": "https://api.apibdzy.com/api.php/provide/vod/",
      "searchable": 1,
      "quickSearch": 1,
      "categories": [
        "大陆剧",
        "战争片",
        "动作片",
        "喜剧片"
      ]
    },
    {
			"key": "csp_xml_无尽",
			"name": "🈚无尽",
			"type": 1,
			"api": "https://api.wujinapi.me/api.php/provide/vod/?ac=list",
			"searchable": 1,
			"quickSearch": 1,
			"filterable": 1,
			"playerType": 2,
			"categories": [
				"动作片",
				"喜剧片",
				"科幻片",
				"恐怖片",
				"爱情片",
				"剧情片",
				"战争片",
				"纪录片",
				"邵氏电影",
				"国产剧",
				"欧美剧",
				"犯罪片",
				"香港剧",
				"韩国剧",
				"台湾剧",
				"日本剧",
				"海外剧",
				"其他片",
				"悬疑片",
				"奇幻片",
				"动画片",
				"国产动漫",
				"日本动漫",
				"欧美动漫",
				"港台动漫",
				"海外动漫",
				"大陆综艺",
				"港台综艺",
				"日韩综艺",
				"欧美综艺"
			]
		},
		{      "key": "jszy",      "name": "🛩极速",      "type": 1,      "api": "https://jszyapi.com/api.php/provide/vod/from/jsm3u8",      "searchable": 1,      "changeable": 1,      "quickSearch": 1,      "filterable": 1,      "categories": ["动作片","爱情片","喜剧片","科幻片","恐怖片","剧情片","战争片","记录片","灾难片","悬疑片","犯罪片","奇幻片","动画片","中国动漫","日本动漫","欧美动漫","内地剧","欧美剧","香港剧","台湾剧","韩剧","日剧","马泰剧","伦理片","体育赛事","大陆综艺","港台综艺","日韩综艺","欧美综艺"]},    {      "key": "xml_火狐",      "name": "⛵️火糊",      "type": 1,      "style": {        "type": "rect",        "ratio": 0.8      },      "api": "https://hhzyapi.com/api.php/provide/vod/?ac=list",      "searchable": 1,      "quickSearch": 0,      "filterable": 1,      "categories": [        "动作片",        "喜剧片",        "爱情片",        "科幻片",        "恐怖片",        "剧情片",        "战争片",        "悬疑片",        "犯罪片",        "奇幻片",        "记录片",        "动画片",        "伦理片",        "内地剧",        "香港剧",        "台湾剧",        "日剧",        "韩剧",        "欧美剧",        "马泰剧",        "大陆综艺",        "港台综艺",        "日韩综艺",        "欧美综艺",        "中国动漫",        "日本动漫",        "欧美动漫"      ]    },
		{      "key": "U酷资源",      "name": "🐹U酷",      "type": 1,      "api": "https://api.ukuapi.com/api.php/provide/vod/",      "searchable": 1,      "quickSearch": 1    },
		{      "key": "奇虎资源",      "name": "🦁奇虎",      "type": 1,      "api": "https://caiji.qhzyapi.com/api.php/provide/vod/",      "playUrl": "",      "searchable": 1,      "quickSearch": 1    },
		{      "key": "最大资源",      "name": "💯最大",      "type": 1,      "api": "http://zuidazy.me/api.php/provide/vod/",      "playUrl": "",      "searchable": 1,      "quickSearch": 1    },
		{
      "key": "49zy",
      "name": "♻️49",
      "type": 1,
      "api": "https://49zyw.com/api.php/provide/vod/?ac=list",
      "searchable": 1,
      "quickSearch": 1,
      "filterable": 1,
      "categories": [
        "国产剧",
        "纪录片",
        "欧美剧",
        "香港剧",
        "动作片",
        "爱情片",
        "科幻片",
        "恐怖片",
        "剧情片",
        "战争片",
        "喜剧片",
        "动画片",
        "犯罪片",
        "韩国剧",
        "动漫",
        "电影",
        "大陆综艺",
        "港台综艺",
        "日韩综艺",
        "欧美综艺",
        "台湾剧",
        "国产动漫",
        "日本动漫",
        "欧美动漫",
        "泰国剧",
        "日剧",
        "电影解说",
        "奇幻片",
        "灾难片",
        "悬疑片",
        "其他片",
        "体育赛事",
        "海外剧"
      ]
    },
  {      "key": "高清资源网",      "name": "️🎭高清",      "type": 1,      "api": "https://api.1080zyku.com/inc/apijson.php",      "playUrl": "https://vip.zykbf.com/?url=",      "searchable": 1,      "quickSearch": 1,      "filterable": 1,      "categories": [        "动作片",        "喜剧片",        "爱情片",        "科幻片",        "恐怖片",        "剧情片",        "战争片",        "记录片",        "国产剧",        "欧美剧",        "日本剧",        "泰国剧",        "韩国剧",        "台湾剧",        "香港剧",        "大陆综艺",        "港台综艺",        "日韩综艺",        "欧美综艺",        "国产动漫",        "日韩动漫",        "欧美动漫",        "倫理片",        "福利"      ]    },
  {
      "key": "卧龙资源",
      "name": "🐍卧龙",
      "type": 1,
      "api": "https://collect.wolongzyw.com/api.php/provide/vod/",
      "searchable": 1,
      "quickSearch": 1,
      "categories": [
        "国产剧",
        "香港剧",
        "恐怖片",
        "动作片"
      ]
    },
  {
            "key": "红牛资源",
            "name": "🐂红牛",
            "type": 1,
            "api": "https://www.hongniuzy2.com/api.php/provide/vod/",
            "searchable": 1,
            "quickSearch": 1,
            "playUrl": "",
            "categories": [
                "国产剧",
                "战争片",
                "综艺",
                "动漫"
            ]
        },
  {"key": "dr_ikanbot","name": "🌺机器","type": 3,"api": "./lib/drpy2.min.js","searchable": 2,"quickSearch": 1,"filterable": 0,"ext": "./lib/ikanbot3.js"},
  {
			"key": "zy_金鹰资源",
			"name": "🔰金鹰",
			"type": 1,
			"api": "https://jyzyapi.com/provide/vod/",
			"searchable": 1,
			"quickSearch": 1,
			"categories": [
				"欧美剧",
				"香港剧",
				"韩剧",
				"日剧",
				"马泰剧",
				"动作片",
				"爱情片",
				"喜剧片",
				"科幻片",
				"恐怖片",
				"剧情片",
				"战争片",
				"记录片",
				"动漫",
				"内地剧",
				"动画片",
				"中国动漫",
				"日本动漫",
				"欧美动漫",
				"综艺",
				"台湾剧",
				"体育赛事"
			]
},
  {
            "key": "火狐",
            "name": "🔥火狐",
            "type": 1,
            "api": "https://hhzyapi.com/api.php/provide/vod/",
            "searchable": 1,
            "quickSearch": 0,
            "filterable": 1,
            "categories": [
                "内地剧",
                "韩剧",
                "香港剧",
                "台湾剧",
                "欧美剧",
                "日剧",
                "马泰剧",
                "动作片",
                "科幻片",
                "战争片",
                "喜剧片",
                "爱情片",
                "恐怖片",
                "犯罪片",
                "剧情片",
                "冒险片",
            ]
        },
  {
			"key": "csp_xml_飞速",
			"name": "🚁飞速",
			"type": 1,
			"api": "https://www.feisuzyapi.com/api.php/provide/vod/?ac=list",
			"searchable": 1,
			"quickSearch": 1,
			"filterable": 1,
			"playerType": 2,
			"categories": [
				"动作片",
				"喜剧片",
				"科幻片",
				"恐怖片",
				"爱情片",
				"剧情片",
				"战争片",
				"纪录片",
				"动画片",
				"其他片",
				"国产剧",
				"欧美剧",
				"香港剧",
				"韩国剧",
				"台湾剧",
				"日本剧",
				"海外剧",
				"泰国剧",
				"其他剧",
				"体育赛事",
				"国产动漫",
				"日韩动漫",
				"欧美动漫",
				"港台动漫",
				"海外动漫",
				"大陆综艺",
				"港台综艺",
				"日韩综艺",
				"欧美综艺"
			]
		},
  {
			"key": "csp_xml_天空",
			"name": "🌞天空",
			"type": 1,
			"api": "https://m3u8.tiankongapi.com/api.php/provide/vod/from/tkm3u8/?ac=list",
			"searchable": 1,
			"quickSearch": 1,
			"filterable": 1,
			"playerType": 2,
			"categories": [
				"动作片",
				"喜剧片",
				"科幻片",
				"恐怖片",
				"爱情片",
				"剧情片",
				"战争片",
				"纪录片",
				"国产剧",
				"欧美剧",
				"犯罪片",
				"香港剧",
				"韩国剧",
				"台湾剧",
				"日剧",
				"海外剧",
				"其他片",
				"悬疑片",
				"奇幻片",
				"动画片",
				"国产动漫",
				"日本动漫",
				"欧美动漫",
				"港台动漫",
				"海外动漫",
				"大陆综艺",
				"港台综艺",
				"日韩综艺",
				"欧美综艺"
			]
		},
    {
      "key": "豆豆",
      "name": "热播推荐",
      "type": 3,
      "api": "csp_DouDou",
      "searchable": 0,
      "quickSearch": 0,
      "filterable": 0
    },
    {
      "key": "酷看",
      "name": "💡酷看┃App1080p",
      "type": 3,
      "api": "csp_Kkys",
      "searchable": 1,
      "quickSearch": 1,
      "changeable": 1
    },
    {
      "key": "Lib",
      "name": "🌟利播┃直连",
      "type": 3,
      "api": "csp_Libvio",
      "searchable": 1,
      "quickSearch": 1,
      "changeable": 1,
      "ext": "https://www.libvio.pw/"
    },
    {
      "key": "yqkan_open",
      "name": "❤️短剧六 2k",
      "type": 3,
      "api": "csp_YQKan",
      "searchable": 1,
      "quickSearch": 1,
      "filterable": 0
    }, 
    {
      "key":"陌陌",
      "name":"❤️短剧十一",
      "type":3,
      "api":"csp_AppYsV2",
      "searchable":1,
      "quickSearch":1,
      "changeable":1,
      "ext":"https://www.kuin.one/api.php/app/"
    },
    {
      "key": "DiDuan",
      "name": "⏮️低端┃外剧",
      "type": 3,
      "api": "csp_Ddrk",
      "playerType": "2",
      "searchable": 1,
      "quickSearch": 1,
      "changeable": 1
    },
    {
      "key": "Nbys",
      "name": "🛫泥巴┃飞",
      "type": 3,
      "api": "csp_NiNi",
      "searchable": 1,
      "quickSearch": 1,
      "changeable": 1
    },
    {
      "key": "yqkan",
      "name": "影视|一起2k",
      "type": 3,
      "api": "csp_YQKan",
      "jar": "./YSZYZ.jar",
      "searchable": 1,
      "quickSearch": 1,
      "filterable": 0,
      "ext": "公众号:影视资源站"
    }],
    "lives": [
    {
      "name": "SAO0",
      "type": 0,
      "url": "./lib/tvlive.txt",
      "playerType": 1,
      "ua": "okhttp/3.15",
      "epg": "http://epg.112114.xyz/?ch={name}&date={date}",
      "logo": "https://epg.112114.xyz/logo/{name}.png"
    }],
    "parses": [],
    "flags": [],
    "rules": [
    {
      "name": "LZ",
      "hosts": [
        "vip.lz",
        "hd.lz"
      ],
      "regex": [
        "#EXT-X-DISCONTINUITY\\r*\\n*#EXTINF:6.433333,[\\s\\S]*?#EXT-X-DISCONTINUITY",
        "#EXTINF.*?\\s+.*?1o.*?\\.ts\\s+"
      ]
    },
    {
      "name": "FF",
      "hosts": [
        "vip.ffzy",
        "hd.ffzy"
      ],
      "regex": [
        "#EXT-X-DISCONTINUITY\\r*\\n*#EXTINF:6.666667,[\\s\\S]*?#EXT-X-DISCONTINUITY",
        "#EXTINF.*?\\s+.*?1o.*?\\.ts\\s+"
      ]
    },
    {
      "name": "YQK",
      "hosts": [
        "yqk88"
      ],
      "regex": [
        "#EXT-X-DISCONTINUITY\\r*\\n*[\\s\\S]*?#EXT-X-CUE-IN"
      ]
    }
  ]
}